原文件名,生成的文件名
HE-6 - 夜半歌声   令单人刷石头组（需要在设置中更新内测版本）令3带模组即可.json,act26side_06_令.json
【化学老施】HE-8 1人 (令单人) 146秒堵门速刷 蚀刻章 RMA70-12.json,act26side_08_令.json
【小鬼卡比】【普通镀层】空想花庭 - HE-EX-7 - 完全的爱.json,act26side_ex07_棘刺+银灰+煌+山+塞雷娅+风笛+德克萨斯+砾+桃金娘.json
【柠檬味の小小猪】HE-1 空想花庭.json,act26side_01_.json
【柠檬味の小小猪】HE-2 空想花庭.json,act26side_02_塞雷娅.json
【柠檬味の小小猪】HE-3 空想花庭.json,act26side_03_塞雷娅.json
【柠檬味の小小猪】HE-4 空想花庭.json,act26side_04_山.json
【柠檬味の小小猪】HE-5 空想花庭.json,act26side_05_塞雷娅+山.json
【柠檬味の小小猪】HE-6 空想花庭.json,act26side_06_山+塞雷娅+桃金娘.json
【柠檬味の小小猪】HE-7 空想花庭.json,act26side_07_山+塞雷娅+能天使+桃金娘.json
【柠檬味の小小猪】HE-8 4人高配蚀刻章 空想花庭.json,act26side_08_煌+泥岩+山+塞雷娅.json
【突袭_普通_摆完挂机】空想花庭 - HE-EX-8 - 夕阳西沉.json,act26side_ex08_塞雷娅+山+浊心斯卡蒂+桃金娘+伊芙利特+夜莺+德克萨斯+临光+星熊+煌+蛇屠箱.json
空想花庭 HE-1 萧然Q攻略 摆完挂机.json,act26side_01_煌+能天使.json
空想花庭 HE-2 萧然Q攻略 摆完挂机.json,act26side_02_煌+能天使+塞雷娅.json
空想花庭 HE-3 萧然Q攻略 摆完挂机.json,act26side_03_煌.json
空想花庭 HE-4 萧然Q攻略 摆完挂机.json,act26side_04_山+拉普兰德+塞雷娅.json
空想花庭 HE-5 萧然Q攻略 摆完挂机.json,act26side_05_山+塞雷娅+煌.json
空想花庭 HE-6 化学老施攻略 蓝土 银灰令双人79s信赖速刷.json,act26side_06_令+银灰.json
空想花庭 HE-6 萧然Q攻略 摆完挂机.json,act26side_06_塞雷娅+煌+桃金娘+风笛.json
空想花庭 HE-7 萧然Q攻略 摆完挂机.json,act26side_07_塞雷娅+桃金娘+风笛+山+能天使.json
空想花庭 HE-8 可拿蚀刻章 柠檬味の小小猪攻略 摆完挂机.json,act26side_08_塞雷娅+山+煌+泥岩.json
空想花庭 HE-EX-1突袭 萧然Q攻略 摆完挂机 原作_鱼丸.json,act26side_ex01_艾雅法拉.json
空想花庭 HE-EX-1突袭 萧然Q攻略 摆完挂机.json,act26side_ex01_能天使+煌+塞雷娅+艾雅法拉.json
空想花庭 HE-EX-2突袭 无歌蕾蒂娅版 萧然Q攻略 摆完挂机.json,act26side_ex02_山+艾雅法拉+桃金娘+煌+白面^.json
空想花庭 HE-EX-3突袭 可拿蚀刻章 萧然Q攻略 摆完挂机.json,act26side_ex03_桃金娘+能天使+山+煌+塞雷娅.json
空想花庭 HE-EX-4突袭 萧然Q攻略 摆完挂机.json,act26side_ex04_桃金娘+风笛+山+塞雷娅+能天使+艾雅法拉+澄闪.json
空想花庭 HE-EX-5突袭 新版 萧然Q攻略 摆完挂机.json,act26side_ex05_山+塞雷娅+煌.json
空想花庭 HE-EX-6突袭 萧然Q攻略 摆完挂机.json,act26side_ex06_塞雷娅+煌+桃金娘+泥岩+艾雅法拉+伊芙利特.json
空想花庭 HE-EX-7普通 可拿蚀刻章 萧然Q攻略 摆完挂机.json,act26side_ex07_桃金娘+风笛+山+塞雷娅+能天使+泥岩+浊心斯卡蒂.json
空想花庭 HE-EX-7突袭 萧然q 小羊打法  .json,act26side_ex07_桃金娘+德克萨斯+山+煌+星熊+塞雷娅+艾雅法拉+夜莺+浊心斯卡蒂.json
空想花庭 HE-EX-7突袭 萧然Q攻略 摆完挂机.json,act26side_ex07_桃金娘+山+塞雷娅+浊心斯卡蒂+德克萨斯+棘刺+星熊+夜莺+煌.json
空想花庭 HE-EX-8突袭 萧然Q攻略 摆完挂机.json,act26side_ex08_桃金娘+德克萨斯+山+煌+拉普兰德+塞雷娅+泥岩+星熊+艾雅法拉+闪灵.json
